Age,BMI
22,32.40768777664918
24,31.427941290890825
21,42.5605486272996
21,23.343765672469413
28,27.73254405502606
21,28.49257590094905
28,22.453561354495264
42,24.31785583823064
25,21.5709235628138
30,18.93476947424729
34,37.47816089254162
41,18.01001892643705
26,25.75255977951292
