Age,BMI
36,23.00148370972611
42,40.03911394241346
