Pregnancies,Glucose,GarbageValues,BloodPressure,SkinThickness,Insulin,BMI,DiabetesPedigreeFunction,Age,Outcome
0,145,-111,58,1,106,24.083432474242386,0.8998362673931544,52,0
2,46,-105,95,6,452,31.71245622523039,1.0143591981246112,40,0
2,115,-56,80,23,0,30.479127110681294,0.3261161452106299,47,0
13,63,-87,98,15,14,30.814335948223203,0.2970224735244554,47,0
