Age,BMI
13,15.888671025060273
18,23.091568695754813
