transaction_id,customer_id,merchant_id,amount,is_fraudulent,customer_age
369,292551,2032,12489.68419516366,0,66
30,217253,2018,9953.901212594596,0,44
0,391405,2021,19008.59931795267,0,85
386,289525,2026,9455.304510819256,0,57
124,276097,2013,10768.227379750952,0,80
609,554052,2010,15342.998487687455,0,62
21,428782,2018,7736.961226814776,0,71
776,426791,2014,11069.901435383763,0,71
594,438078,2111,22956.329776978077,0,74
