Year,Polio
1994.364007488372,971
2003.3454348860676,285
2001.5378830858956,0
2002.791248361814,2526
1994.696851849645,0
1997.3925610331705,1247
