Pregnancies,Glucose,GarbageValues,BloodPressure,SkinThickness,Insulin,BMI,DiabetesPedigreeFunction,Age,Outcome
13,170,-79,64,0,264,24.23340653431502,0.3636175884953431,20,0
6,128,-80,62,0,297,28.656045807531807,0.11513713587119459,19,0
10,166,-44,70,34,252,26.621419160073483,0.2870890591673115,21,0
4,241,-44,57,22,112,30.799935741756663,0.23541156014525386,21,0
